,count,mean,min,25%,50%,75%,max,std
pickup_lat,48000.0,35.64754474875,28.35765,31.98691,35.29479,39.41104,44.30296,4.315284932191945
pickup_lon,48000.0,-90.92896441729165,-121.69849,-98.40059,-88.08915,-83.28506,-69.5,13.482431410187987
delivery_lat,48000.0,35.641174907916664,28.35765,31.98691,35.29479,39.41104,44.30296,4.317198800772889
delivery_lon,48000.0,-90.85731029354167,-121.69849,-98.40059,-87.52871,-83.28506,-69.5,13.476588640205028
distance,48000.0,1135.8566541666667,70.0,550.4,953.3,1645.525,3439.8,728.5644163845357
weight,47700.0,31028.844004192873,-47500.0,25800.0,31436.5,37018.0,47500.0,9391.440619602112
date,48000,2025-05-31 19:53:29.400000,2025-01-01 00:00:00,2025-03-18 00:00:00,2025-05-31 00:00:00,2025-08-15 00:00:00,2025-10-31 00:00:00,
market_index,47626.0,1.0833867156595136,0.67639,0.94967,1.0558,1.21959,1.46778,0.1680909157944615
quote_signal,48000.0,2.0624678412499997,0.69228,1.89103,2.05575,2.221685,3.61035,0.29139139082151877
posted_rate,48000.0,2373.9806822916667,57.22,1251.5549999999998,2030.76,3330.75,25533.0,1486.4932447622946
rpm,48000.0,2.21534716750207,0.33370919413341743,1.9869742539000856,2.1453480823707856,2.342696485436716,14.125293930727675,0.5838870842426047
