MAE,MedAE,MAPE%,MedAPE%,WAPE%,RMSE,cMAE,cMAPE%,cMedAPE%,cRMSE,model,group,params,fold,within2%,c_within2%,within5%,c_within5%,within10%,c_within10%
200.535,112.4923,8.2383,5.9617,8.1555,664.6721,147.9398,6.1255,5.8742,196.9875,Baseline: median $/mile,benchmark,equipment x distance bucket,2025-05..2025-06,14.9649,15.1604,41.1407,41.678,83.2405,84.3277
116.9331,48.3989,5.0657,2.4621,4.7555,633.4705,63.3999,2.8113,2.4266,86.5769,Huber linear (no trend),linear,"Huber loss, no time trend",2025-05..2025-06,41.7285,42.2735,83.88,84.9754,98.3808,99.6657
112.6605,45.0794,5.0111,2.3375,4.5817,630.411,59.0971,2.7234,2.2963,80.7435,Huber linear + trend,linear,Huber loss + day_index,2025-05..2025-06,43.6572,44.2274,84.4575,85.5605,98.2983,99.5821
97.3795,25.0776,3.9982,1.3442,3.9603,629.7862,43.7268,1.731,1.3233,73.6821,LightGBM loss=L2 (MSE),lgbm loss,"objective=regression, no trend",2025-05..2025-06,66.5738,67.4433,94.637,95.8729,98.4736,99.7597
100.7504,25.9194,4.1117,1.3845,4.0974,631.0673,47.1298,1.844,1.3651,81.4597,LightGBM loss=L1 (MAE),lgbm loss,"objective=l1, no trend",2025-05..2025-06,66.0685,66.9314,92.6671,93.8773,98.2673,99.5507
97.0934,24.4377,3.9854,1.2945,3.9487,629.7251,43.4347,1.714,1.2772,75.0326,LightGBM loss=Huber,lgbm loss,"objective=huber, no trend",2025-05..2025-06,68.224,69.115,94.2038,95.4341,98.4117,99.697
96.0462,23.9974,3.9417,1.2881,3.9061,629.734,42.3743,1.6706,1.2665,74.274,LightGBM + day_index,lgbm,trees given day_index,2025-05..2025-06,69.3482,70.2539,94.7092,95.9461,98.3911,99.6761
94.0051,24.0196,3.9013,1.3088,3.8231,625.7879,40.3548,1.5917,1.2893,62.6789,Hybrid: linear+LGBM (no lane RE),hybrid,no random effects,2025-05..2025-06,68.1724,69.0628,96.7719,98.0357,98.7108,100.0
95.4818,27.7919,4.0441,1.4364,3.8831,626.1177,41.8051,1.7329,1.4143,62.4242,Hybrid-RE alpha=1,RE alpha,"re_alpha=1, num_leaves=31, n_estimators=500",2025-05..2025-06,63.7067,64.5387,96.5037,97.7641,98.7108,100.0
94.1463,26.401,3.973,1.3907,3.8288,625.9639,40.4588,1.662,1.3734,60.6301,Hybrid-RE alpha=3,RE alpha,"re_alpha=3, num_leaves=31, n_estimators=500",2025-05..2025-06,65.5219,66.3776,96.9575,98.2238,98.7108,100.0
93.7504,24.323,3.8956,1.316,3.8127,625.7708,40.0815,1.5843,1.2955,61.5713,Hybrid-RE alpha=30,RE alpha,"re_alpha=30, num_leaves=31, n_estimators=500",2025-05..2025-06,68.1518,69.0419,97.0091,98.276,98.7108,100.0
93.8886,23.3053,3.8681,1.2698,3.8183,625.7415,40.2365,1.5579,1.2505,63.2878,Hybrid-RE alpha=100,RE alpha,"re_alpha=100, num_leaves=31, n_estimators=500",2025-05..2025-06,69.6988,70.6091,96.8028,98.0671,98.7108,100.0
95.3769,27.3268,4.041,1.4698,3.8788,625.906,41.7339,1.7335,1.4487,61.8437,Hybrid-RE leaves=7,num_leaves,"re_alpha=10, num_leaves=7, n_estimators=500",2025-05..2025-06,63.5829,64.4133,96.349,97.6074,98.7108,100.0
95.4482,27.2289,4.0349,1.4641,3.8817,625.9679,41.7956,1.7249,1.4356,62.115,Hybrid-RE leaves=15,num_leaves,"re_alpha=10, num_leaves=15, n_estimators=500",2025-05..2025-06,63.5107,64.3402,96.5759,97.8372,98.7108,100.0
92.8113,23.5901,3.8602,1.2809,3.7745,625.779,39.1199,1.548,1.2626,60.427,Hybrid-RE leaves=63,num_leaves,"re_alpha=10, num_leaves=63, n_estimators=500",2025-05..2025-06,69.1935,70.0972,97.1432,98.4119,98.7108,100.0
92.6215,22.8968,3.8423,1.2507,3.7668,625.5994,38.9405,1.531,1.2302,60.8945,Hybrid-RE trees=1000,n_estimators,"re_alpha=10, num_leaves=31, n_estimators=1000",2025-05..2025-06,69.802,70.7136,97.2257,98.4955,98.7108,100.0
93.4239,24.8768,3.9277,1.3418,3.7994,625.7361,39.7454,1.6174,1.3244,60.1378,Hybrid-RE default (500 trees),default,"re_alpha=10, num_leaves=31, n_estimators=500",2025-05..2025-06,66.8007,67.6732,97.1225,98.391,98.7108,100.0
93.9841,27.0395,4.0063,1.4283,3.8222,625.9828,40.3024,1.6985,1.4085,59.1917,"FINAL (RE a=10, 31 leaves, 200 trees)",final,"re_alpha=10, num_leaves=31, n_estimators=200",2025-05..2025-06,64.7793,65.6253,96.6997,97.9626,98.7108,100.0
114.3373,37.0692,4.9258,1.8972,4.6499,631.1702,60.9501,2.6305,1.8664,101.9198,Final WITHOUT spike removal,ablation,labels not cleaned,2025-05..2025-06,51.8358,52.5128,87.1081,88.2457,95.5858,96.8342
184.3812,92.8866,7.3007,5.0212,7.5087,690.8742,126.8743,5.3381,4.9522,172.654,Baseline: median $/mile,benchmark,equipment x distance bucket,2025-06..2025-07,19.9691,20.2362,49.7989,50.4651,88.0557,89.2338
126.0767,50.6509,5.0135,2.6308,5.1344,669.8207,68.0195,2.9756,2.599,93.0119,Huber linear (no trend),linear,"Huber loss, no time trend",2025-06..2025-07,38.9067,39.4272,81.4234,82.5128,98.1537,99.4669
121.5124,46.5141,4.9886,2.4302,4.9485,664.4798,63.5767,2.8948,2.3979,89.8009,Huber linear + trend,linear,Huber loss + day_index,2025-06..2025-07,42.0629,42.6257,81.475,82.5651,97.9371,99.2474
108.3174,30.3275,4.0193,1.5735,4.4111,665.0498,50.2796,1.9833,1.552,80.9472,LightGBM loss=L2 (MSE),lgbm loss,"objective=regression, no trend",2025-06..2025-07,60.0928,60.8968,92.6457,93.8852,98.4838,99.8014
110.0638,28.9942,4.1144,1.5809,4.4822,666.129,52.0215,2.0745,1.5558,86.6155,LightGBM loss=L1 (MAE),lgbm loss,"objective=l1, no trend",2025-06..2025-07,59.9794,60.7819,91.0469,92.2651,98.0402,99.3519
104.775,27.4771,3.9132,1.4611,4.2669,665.1259,46.6492,1.8721,1.4364,77.3523,LightGBM loss=Huber,lgbm loss,"objective=huber, no trend",2025-06..2025-07,63.3213,64.1685,93.1614,94.4079,98.4838,99.8014
104.4721,27.614,3.893,1.4594,4.2545,664.8147,46.3557,1.8513,1.4389,77.4036,LightGBM + day_index,lgbm,trees given day_index,2025-06..2025-07,63.9299,64.7852,93.3471,94.596,98.4528,99.77
107.2865,30.4524,4.0212,1.6812,4.3691,658.7615,49.4555,1.9291,1.6567,74.5086,Hybrid: linear+LGBM (no lane RE),hybrid,no random effects,2025-06..2025-07,58.1743,58.9526,95.1315,96.4043,98.6797,100.0
107.7621,34.2775,4.1837,1.9131,4.3885,658.3433,49.9402,2.093,1.8838,70.9971,Hybrid-RE alpha=1,RE alpha,"re_alpha=1, num_leaves=31, n_estimators=500",2025-06..2025-07,52.2744,52.9738,95.1728,96.4461,98.6797,100.0
107.3107,33.9057,4.1542,1.8852,4.3701,658.4243,49.4661,2.0621,1.8575,70.1415,Hybrid-RE alpha=3,RE alpha,"re_alpha=3, num_leaves=31, n_estimators=500",2025-06..2025-07,52.7076,53.4128,95.5957,96.8747,98.6797,100.0
108.0014,32.9097,4.1152,1.8444,4.3983,658.5686,50.1581,2.0199,1.8217,72.297,Hybrid-RE alpha=30,RE alpha,"re_alpha=30, num_leaves=31, n_estimators=500",2025-06..2025-07,54.3992,55.127,95.5544,96.8329,98.6797,100.0
107.6863,31.0542,4.0358,1.7251,4.3854,658.7696,49.8322,1.941,1.703,73.9072,Hybrid-RE alpha=100,RE alpha,"re_alpha=100, num_leaves=31, n_estimators=500",2025-06..2025-07,57.3698,58.1373,95.4306,96.7074,98.6797,100.0
106.2504,33.0288,4.1111,1.8322,4.3269,658.5529,48.3705,2.0162,1.8094,69.0923,Hybrid-RE leaves=7,num_leaves,"re_alpha=10, num_leaves=7, n_estimators=500",2025-06..2025-07,54.2445,54.9702,95.4925,96.7701,98.6797,100.0
107.0408,33.5785,4.1351,1.8647,4.3591,658.4986,49.178,2.0408,1.8454,69.9039,Hybrid-RE leaves=15,num_leaves,"re_alpha=10, num_leaves=15, n_estimators=500",2025-06..2025-07,53.5018,54.2176,95.5647,96.8433,98.6797,100.0
107.885,33.4441,4.1392,1.8931,4.3935,658.3035,50.0566,2.0451,1.8684,71.1925,Hybrid-RE leaves=63,num_leaves,"re_alpha=10, num_leaves=63, n_estimators=500",2025-06..2025-07,53.0686,53.7786,95.7401,97.021,98.6797,100.0
106.7585,31.0734,4.0278,1.7526,4.3476,658.232,48.9199,1.9343,1.7309,71.4025,Hybrid-RE trees=1000,n_estimators,"re_alpha=10, num_leaves=31, n_estimators=1000",2025-06..2025-07,57.1119,57.876,95.8226,97.1046,98.6797,100.0
106.8556,32.4827,4.0896,1.8126,4.3516,658.3374,49.002,1.9958,1.7949,70.2133,Hybrid-RE default (500 trees),default,"re_alpha=10, num_leaves=31, n_estimators=500",2025-06..2025-07,54.8014,55.5347,95.802,97.0837,98.6797,100.0
107.6947,34.9157,4.1989,1.9237,4.3858,658.4203,49.8465,2.105,1.9014,69.9616,"FINAL (RE a=10, 31 leaves, 200 trees)",final,"re_alpha=10, num_leaves=31, n_estimators=200",2025-06..2025-07,51.9649,52.6602,95.0077,96.2789,98.6797,100.0
126.7133,44.8062,5.0377,2.4014,5.1603,664.1256,69.0656,2.9564,2.3759,108.7336,Final WITHOUT spike removal,ablation,labels not cleaned,2025-06..2025-07,41.7019,42.2599,85.6937,86.8402,95.6266,96.906
135.8418,61.9973,6.0582,3.3313,5.7139,630.9407,84.2482,3.8193,3.2816,116.4406,Baseline: median $/mile,benchmark,equipment x distance bucket,2025-07..2025-08,32.0029,32.4492,68.876,69.8364,95.0574,96.3829
124.4,54.6757,5.4389,2.9342,5.2326,629.8239,72.5634,3.2351,2.8903,96.8684,Huber linear (no trend),linear,"Huber loss, no time trend",2025-07..2025-08,35.0636,35.5525,77.6135,78.6957,98.025,99.3919
130.2889,52.5857,5.6912,2.7733,5.4803,625.6835,78.6549,3.3948,2.7386,115.5195,Huber linear + trend,linear,Huber loss + day_index,2025-07..2025-08,37.4729,37.9954,74.5838,75.6238,96.0087,97.3475
116.2667,42.3193,5.3234,2.0096,4.8905,624.0587,64.6149,3.1211,1.9722,99.1769,LightGBM loss=L2 (MSE),lgbm loss,"objective=regression, no trend",2025-07..2025-08,49.8294,50.5242,79.2989,80.4047,93.0204,94.3175
117.629,40.704,5.2609,2.0924,4.9478,625.6101,65.8777,3.0362,2.052,100.0408,LightGBM loss=L1 (MAE),lgbm loss,"objective=l1, no trend",2025-07..2025-08,48.2163,48.8887,78.8336,79.9329,94.8196,96.1417
120.1631,42.4174,5.4509,2.0483,5.0544,625.2841,68.5399,3.2412,2.0069,107.7387,LightGBM loss=Huber,lgbm loss,"objective=huber, no trend",2025-07..2025-08,49.1573,49.8427,78.0168,79.1046,92.5551,93.8457
122.1771,46.098,5.5275,2.2077,5.1391,624.7592,70.5866,3.3119,2.1697,109.0249,LightGBM + day_index,lgbm,trees given day_index,2025-07..2025-08,46.5102,47.1587,77.5928,78.6748,92.6585,93.9505
119.3078,39.6117,5.0594,2.0792,5.0184,621.5343,67.6688,2.7723,2.0383,104.1084,Hybrid: linear+LGBM (no lane RE),hybrid,no random effects,2025-07..2025-08,48.5575,49.2346,81.884,83.0258,97.3736,98.7314
116.1982,40.3934,4.9215,2.1586,4.8876,620.9688,64.4751,2.6237,2.127,95.0496,Hybrid-RE alpha=1,RE alpha,"re_alpha=1, num_leaves=31, n_estimators=500",2025-07..2025-08,46.5309,47.1797,85.41,86.601,97.9837,99.35
116.604,40.5559,4.9397,2.1678,4.9047,620.9692,64.8855,2.6425,2.1338,95.5404,Hybrid-RE alpha=3,RE alpha,"re_alpha=3, num_leaves=31, n_estimators=500",2025-07..2025-08,46.686,47.337,85.0274,86.213,97.963,99.329
116.5012,38.9925,4.9607,2.0796,4.9004,620.7496,64.796,2.6667,2.0498,97.0649,Hybrid-RE alpha=30,RE alpha,"re_alpha=30, num_leaves=31, n_estimators=500",2025-07..2025-08,48.237,48.9096,83.8693,85.0388,97.8079,99.1717
117.6751,39.3247,5.0022,2.0861,4.9498,621.0469,65.9959,2.7112,2.0513,100.0686,Hybrid-RE alpha=100,RE alpha,"re_alpha=100, num_leaves=31, n_estimators=500",2025-07..2025-08,48.3094,48.983,82.9283,84.0847,97.6631,99.025
113.8644,39.5729,4.8415,2.1271,4.7895,620.309,62.0988,2.5383,2.0922,90.7027,Hybrid-RE leaves=7,num_leaves,"re_alpha=10, num_leaves=7, n_estimators=500",2025-07..2025-08,47.296,47.9555,86.8266,88.0373,98.2422,99.6121
114.7478,39.8188,4.874,2.1165,4.8266,620.4595,62.9964,2.5736,2.0819,92.4983,Hybrid-RE leaves=15,num_leaves,"re_alpha=10, num_leaves=15, n_estimators=500",2025-07..2025-08,47.6062,48.2701,85.7512,86.9469,98.0871,99.4548
117.7085,40.0314,4.9927,2.1206,4.9512,621.0535,66.0324,2.6994,2.0864,98.6373,Hybrid-RE leaves=63,num_leaves,"re_alpha=10, num_leaves=63, n_estimators=500",2025-07..2025-08,47.5545,48.2177,83.4557,84.6194,97.8079,99.1717
117.9206,39.416,5.0098,2.0779,4.9601,621.2443,66.2544,2.7209,2.0396,100.5428,Hybrid-RE trees=1000,n_estimators,"re_alpha=10, num_leaves=31, n_estimators=1000",2025-07..2025-08,48.5886,49.2661,82.6698,83.8226,97.5804,98.9411
115.2436,39.0936,4.898,2.0836,4.8475,620.5549,63.5227,2.6027,2.0519,94.4427,Hybrid-RE default (500 trees),default,"re_alpha=10, num_leaves=31, n_estimators=500",2025-07..2025-08,48.3301,49.004,84.9447,86.1292,97.994,99.3605
112.3789,39.0355,4.7921,2.0706,4.727,620.1137,60.5904,2.4913,2.0377,88.2361,"FINAL (RE a=10, 31 leaves, 200 trees)",final,"re_alpha=10, num_leaves=31, n_estimators=200",2025-07..2025-08,48.5369,49.2137,87.4987,88.7188,98.2215,99.5911
128.6653,46.9153,5.4937,2.4768,5.412,626.732,76.996,3.1932,2.4433,121.9366,Final WITHOUT spike removal,ablation,labels not cleaned,2025-07..2025-08,41.4849,42.0633,80.4053,81.5265,94.9953,96.32
129.9092,59.7025,5.9083,3.1407,5.4766,620.6219,79.7009,3.6816,3.0807,109.9267,Baseline: median $/mile,benchmark,equipment x distance bucket,2025-08..2025-09,33.7363,34.2153,71.0998,72.1093,95.4078,96.7624
145.2159,70.4916,6.3027,3.8285,6.1219,630.0037,95.1832,4.1721,3.7808,130.5285,Huber linear (no trend),linear,"Huber loss, no time trend",2025-08..2025-09,26.4715,26.8474,64.3547,65.2684,94.4639,95.8051
115.7634,45.4423,5.1964,2.4377,4.8803,617.3345,65.3763,2.9587,2.3937,94.6034,Huber linear + trend,linear,Huber loss + day_index,2025-08..2025-09,42.3905,42.9924,81.5145,82.6718,97.1153,98.4941
110.8896,40.5434,5.1048,2.0377,4.6748,617.2484,60.5748,2.9325,2.0058,91.6832,LightGBM loss=L2 (MSE),lgbm loss,"objective=regression, no trend",2025-08..2025-09,49.1781,49.8763,82.3629,83.5323,94.22,95.5577
118.0615,39.7026,5.2183,2.1868,4.9772,619.8957,67.7992,3.0374,2.1521,103.9061,LightGBM loss=L1 (MAE),lgbm loss,"objective=l1, no trend",2025-08..2025-09,46.463,47.1227,79.2343,80.3593,95.2381,96.5903
116.6463,41.8229,5.3089,2.0399,4.9175,618.6924,66.4242,3.1393,1.9945,104.672,LightGBM loss=Huber,lgbm loss,"objective=huber, no trend",2025-08..2025-09,49.4008,50.1022,79.4358,80.5636,93.0958,94.4176
109.3593,34.7154,4.9996,1.6679,4.6103,616.6397,59.0204,2.7986,1.634,96.3357,LightGBM + day_index,lgbm,trees given day_index,2025-08..2025-09,56.3793,57.1797,81.9811,83.1451,94.0078,95.3426
104.964,37.8592,4.7076,2.027,4.425,612.489,54.5225,2.4609,2.001,77.841,Hybrid: linear+LGBM (no lane RE),hybrid,no random effects,2025-08..2025-09,49.2947,49.9946,88.7051,89.9645,97.4971,98.8814
98.2708,33.7856,4.4237,1.8114,4.1428,611.8693,47.6966,2.1645,1.783,67.5902,Hybrid-RE alpha=1,RE alpha,"re_alpha=1, num_leaves=31, n_estimators=500",2025-08..2025-09,54.5127,55.2867,92.3852,93.6969,98.0168,99.4084
98.5916,33.9662,4.4435,1.8382,4.1564,611.8809,48.0204,2.1853,1.8026,67.9211,Hybrid-RE alpha=3,RE alpha,"re_alpha=3, num_leaves=31, n_estimators=500",2025-08..2025-09,54.1839,54.9532,92.1943,93.5033,97.9637,99.3546
100.747,35.0664,4.5369,1.8991,4.2472,611.919,50.2288,2.2847,1.8743,71.0951,Hybrid-RE alpha=30,RE alpha,"re_alpha=30, num_leaves=31, n_estimators=500",2025-08..2025-09,52.3916,53.1354,90.561,91.8468,97.8259,99.2148
104.2788,37.8366,4.68,2.0217,4.3961,612.0884,53.8239,2.4297,1.9977,76.4422,Hybrid-RE alpha=100,RE alpha,"re_alpha=100, num_leaves=31, n_estimators=500",2025-08..2025-09,49.3584,50.0592,89.2141,90.4808,97.6668,99.0535
97.2428,33.0247,4.3867,1.8071,4.0995,611.9205,46.64,2.1238,1.7773,66.1489,Hybrid-RE leaves=7,num_leaves,"re_alpha=10, num_leaves=7, n_estimators=500",2025-08..2025-09,54.9263,55.7061,92.8306,94.1487,98.1228,99.516
96.7743,32.4755,4.3579,1.7583,4.0797,611.8463,46.1711,2.0993,1.7301,65.5439,Hybrid-RE leaves=15,num_leaves,"re_alpha=10, num_leaves=15, n_estimators=500",2025-08..2025-09,56.4959,57.2981,92.7988,94.1164,98.0592,99.4514
100.8231,35.6985,4.547,1.9122,4.2504,612.0386,50.3038,2.2943,1.8846,71.3365,Hybrid-RE leaves=63,num_leaves,"re_alpha=10, num_leaves=63, n_estimators=500",2025-08..2025-09,52.2325,52.9741,90.7095,91.9974,97.7622,99.1503
104.359,38.0033,4.7063,2.0503,4.3995,612.1594,53.8979,2.4536,2.0268,76.1654,Hybrid-RE trees=1000,n_estimators,"re_alpha=10, num_leaves=31, n_estimators=1000",2025-08..2025-09,48.6054,49.2955,89.0444,90.3087,97.5925,98.9782
100.1609,35.1967,4.5157,1.9078,4.2225,611.8812,49.6232,2.2586,1.883,70.0594,Hybrid-RE default (500 trees),default,"re_alpha=10, num_leaves=31, n_estimators=500",2025-08..2025-09,52.2431,52.9848,91.208,92.503,97.9213,99.3116
95.9541,32.1417,4.3279,1.7516,4.0452,611.8868,45.3316,2.0676,1.7276,64.2849,"FINAL (RE a=10, 31 leaves, 200 trees)",final,"re_alpha=10, num_leaves=31, n_estimators=200",2025-08..2025-09,56.7292,57.5347,93.0958,94.4176,98.1228,99.516
111.94,37.3041,4.9923,2.0098,4.7191,616.6545,61.4745,2.7323,1.9781,99.6395,Final WITHOUT spike removal,ablation,labels not cleaned,2025-08..2025-09,49.7614,50.4679,85.1416,86.3504,95.7047,97.0636
136.2009,61.0233,6.2384,3.2041,5.6929,638.128,80.5583,3.722,3.1585,109.378,Baseline: median $/mile,benchmark,equipment x distance bucket,2025-09..2025-10,32.2167,32.7114,70.503,71.5855,95.4006,96.8653
165.0432,87.5743,7.1153,4.5395,6.8985,650.9834,109.8847,4.7289,4.4735,144.1072,Huber linear (no trend),linear,"Huber loss, no time trend",2025-09..2025-10,19.7732,20.0768,55.7387,56.5945,93.773,95.2127
115.278,42.2739,5.1014,2.2956,4.8184,635.0145,59.4186,2.5954,2.2621,83.9788,Huber linear + trend,linear,Huber loss + day_index,2025-09..2025-10,44.4188,45.1008,86.4854,87.8132,98.3724,99.8827
118.1128,44.6489,5.0921,2.424,4.9369,636.8369,62.383,2.6334,2.3895,87.1835,LightGBM loss=L2 (MSE),lgbm loss,"objective=regression, no trend",2025-09..2025-10,41.594,42.2326,87.4199,88.7621,98.4039,99.9147
117.3361,42.7334,5.1001,2.3593,4.9044,637.0809,61.5964,2.6443,2.3279,88.57,LightGBM loss=L1 (MAE),lgbm loss,"objective=l1, no trend",2025-09..2025-10,42.7911,43.4481,86.8109,88.1437,98.2253,99.7334
113.5563,39.8301,4.8734,2.1604,4.7464,635.6757,57.7769,2.4084,2.1255,82.3068,LightGBM loss=Huber,lgbm loss,"objective=huber, no trend",2025-09..2025-10,46.4454,47.1585,90.1607,91.5449,98.4039,99.9147
104.4735,31.9098,4.5022,1.7717,4.3668,633.3631,48.5809,2.0105,1.7441,71.0686,LightGBM + day_index,lgbm,trees given day_index,2025-09..2025-10,55.6337,56.4879,94.5605,96.0124,98.4144,99.9254
92.8306,24.9793,4.0914,1.3472,3.8801,630.019,36.7418,1.5711,1.3247,53.5487,Hybrid: linear+LGBM (no lane RE),hybrid,no random effects,2025-09..2025-10,68.1928,69.2398,97.2173,98.7099,98.4879,100.0
92.231,24.4303,4.035,1.3124,3.8551,629.5603,36.1741,1.5194,1.2904,52.9286,Hybrid-RE alpha=1,RE alpha,"re_alpha=1, num_leaves=31, n_estimators=500",2025-09..2025-10,69.3899,70.4553,97.5638,99.0617,98.4879,100.0
91.6708,24.2022,4.0242,1.3174,3.8317,629.475,35.6026,1.5073,1.2924,51.8397,Hybrid-RE alpha=3,RE alpha,"re_alpha=3, num_leaves=31, n_estimators=500",2025-09..2025-10,70.104,71.1803,97.5953,99.0937,98.4879,100.0
91.7459,24.4648,4.0359,1.3118,3.8348,629.8048,35.6524,1.5173,1.2853,51.7096,Hybrid-RE alpha=30,RE alpha,"re_alpha=30, num_leaves=31, n_estimators=500",2025-09..2025-10,69.7784,70.8498,97.5953,99.0937,98.4879,100.0
92.0108,24.623,4.0453,1.2995,3.8459,629.9238,35.9101,1.5251,1.279,52.1965,Hybrid-RE alpha=100,RE alpha,"re_alpha=100, num_leaves=31, n_estimators=500",2025-09..2025-10,69.8624,70.9351,97.4378,98.9338,98.4879,100.0
93.1163,25.0584,4.0685,1.3551,3.8921,630.0378,37.0487,1.552,1.3323,53.9012,Hybrid-RE leaves=7,num_leaves,"re_alpha=10, num_leaves=7, n_estimators=500",2025-09..2025-10,68.1928,69.2398,97.5638,99.0617,98.4879,100.0
91.9833,24.5243,4.0331,1.3236,3.8447,629.7407,35.9075,1.5152,1.3015,52.1623,Hybrid-RE leaves=15,num_leaves,"re_alpha=10, num_leaves=15, n_estimators=500",2025-09..2025-10,69.4004,70.4659,97.6478,99.147,98.4879,100.0
90.0523,23.3077,3.9679,1.2463,3.764,629.1801,33.9495,1.446,1.2278,49.2101,Hybrid-RE leaves=63,num_leaves,"re_alpha=10, num_leaves=63, n_estimators=500",2025-09..2025-10,71.9626,73.0675,97.8473,99.3496,98.4879,100.0
90.5305,23.993,3.998,1.2754,3.784,629.3288,34.4374,1.4795,1.2535,49.6024,Hybrid-RE trees=1000,n_estimators,"re_alpha=10, num_leaves=31, n_estimators=1000",2025-09..2025-10,70.8915,71.98,97.7003,99.2003,98.4879,100.0
91.4691,24.3915,4.0266,1.3099,3.8232,629.6096,35.3842,1.5091,1.2899,51.1539,Hybrid-RE default (500 trees),default,"re_alpha=10, num_leaves=31, n_estimators=500",2025-09..2025-10,69.9254,70.999,97.6478,99.147,98.4879,100.0
93.1103,25.1073,4.0728,1.3596,3.8918,630.0508,37.0442,1.5572,1.342,54.0413,"FINAL (RE a=10, 31 leaves, 200 trees)",final,"re_alpha=10, num_leaves=31, n_estimators=200",2025-09..2025-10,68.4868,69.5383,97.3958,98.8911,98.4879,100.0
111.9667,32.094,4.8968,1.6959,4.68,635.5554,56.1005,2.3843,1.6627,93.392,Final WITHOUT spike removal,ablation,labels not cleaned,2025-09..2025-10,56.7678,57.6394,87.651,88.9967,96.2302,97.7076
