MAE,MedAE,MAPE%,MedAPE%,WAPE%,RMSE,cMAE,cMAPE%,cMedAPE%,model,fold
200.5349787278351,112.4923254422435,8.238293726467166,5.961703916933926,8.155479330599425,664.6720864577244,147.93977307508524,6.125505460039113,5.87419230881117,baseline_median_rpm,2025-05..2025-06
116.93305171549865,48.39894978229921,5.065683320591464,2.4621355819612942,4.755504961675262,633.4704695724303,63.39989927627441,2.811312568711267,2.4266024256360077,huber_linear (no trend),2025-05..2025-06
112.66047578457791,45.07938296647501,5.011055452857866,2.3375140315304592,4.581745227019035,630.4109750347378,59.097128909216195,2.7234021487248827,2.2963174680096987,huber_linear + trend,2025-05..2025-06
97.09339761967587,24.437658485952625,3.9854095968295464,1.2944874271445133,3.9486537583032986,629.7251421534298,43.43465751023095,1.714014391304043,1.2771633333108887,lgbm (no trend),2025-05..2025-06
96.04622815126284,23.99735232516514,3.941679372851628,1.2880918272470812,3.906066829033129,629.7339630531578,42.37429639436753,1.6706208670919973,1.2664625106246121,lgbm + day_index,2025-05..2025-06
94.00506344041928,24.019649366995623,3.901345647654654,1.3088285125035755,3.8230554924810827,625.7878682982387,40.3547556062958,1.5917149021997787,1.2892700543622633,hybrid: linear(trend)+lgbm,2025-05..2025-06
93.98412515019156,27.039488036366038,4.0062642541350275,1.4283448694928975,3.8222039612706507,625.982780538751,40.302358947510754,1.6985328588957855,1.4084542160513756,FINAL hybrid: robust-linear(trend)+lane RE+LightGBM,2025-05..2025-06
184.38116978745506,92.88660962566883,7.300680617951522,5.021229987945078,7.508748094572295,690.8742499175943,126.87431402908996,5.338108692286144,4.952227078871609,baseline_median_rpm,2025-06..2025-07
126.07671649871413,50.65088787115337,5.0134914218201,2.630801526921255,5.134354586593264,669.8207131465057,68.01954478592717,2.9756041939748243,2.598964141752829,huber_linear (no trend),2025-06..2025-07
121.51235667221093,46.514101390741416,4.988604744001017,2.4301540239166144,4.948475365902203,664.4797711832529,63.57669483158443,2.8947807898826867,2.3979086282522952,huber_linear + trend,2025-06..2025-07
104.77495166321094,27.477117102313514,3.913166832863503,1.4611338628750008,4.266860436816509,665.125875349154,46.649206271813284,1.872149809171256,1.4363797867451626,lgbm (no trend),2025-06..2025-07
104.4720579590685,27.6139719983355,3.892974406933784,1.4594167611881501,4.254525378271977,664.8147243627188,46.355684173586184,1.8513219966774592,1.4388662332832796,lgbm + day_index,2025-06..2025-07
107.2864871858253,30.452397314859127,4.021225454512183,1.6811785838211049,4.369140336611158,658.7614976647976,49.455479946417924,1.929130714830662,1.6566839620746676,hybrid: linear(trend)+lgbm,2025-06..2025-07
107.69473679593962,34.91572387379847,4.198884723351056,1.9237450751228906,4.38576591440519,658.4202717833329,49.846527766629364,2.105045634709531,1.9013715695363067,FINAL hybrid: robust-linear(trend)+lane RE+LightGBM,2025-06..2025-07
135.84182117283535,61.997339603628006,6.058245197798211,3.3313430637870143,5.713900848379846,630.9407222929534,84.24824991061426,3.8193042047375956,3.2816492302211806,baseline_median_rpm,2025-07..2025-08
124.39998272223947,54.67572240760637,5.438912296079271,2.9342391662886707,5.232623949517431,629.8238945450923,72.56343826253514,3.235061217624835,2.890316468758139,huber_linear (no trend),2025-07..2025-08
130.28891664291172,52.585686237736354,5.691151012296652,2.7733138947018734,5.480329584165613,625.6834950957646,78.65494081641471,3.394823711355879,2.7385779002057533,huber_linear + trend,2025-07..2025-08
120.16309888659762,42.41735516288986,5.4508675679467,2.0482803731560564,5.054408331278929,625.2841176987847,68.53985943468743,3.2412047561355664,2.0069279975673293,lgbm (no trend),2025-07..2025-08
122.17714099780426,46.097965460647174,5.527525453132986,2.2076902333783384,5.1391247818428125,624.7592077215414,70.58659637204954,3.311888875474997,2.169698691725365,lgbm + day_index,2025-07..2025-08
119.30777346181698,39.61166384687817,5.0593820274453805,2.079165804629213,5.018430864044618,621.534303505683,67.66878526728628,2.772254234147626,2.0383065981294273,hybrid: linear(trend)+lgbm,2025-07..2025-08
112.3788974847646,39.03550951081979,4.7920713148743195,2.070564144918377,4.726982251373077,620.1136567427847,60.59042234667798,2.491294390111384,2.03766519447215,FINAL hybrid: robust-linear(trend)+lane RE+LightGBM,2025-07..2025-08
129.90917372904374,59.702503511749,5.908251976352712,3.1407307541884575,5.476616197561791,620.6218695249776,79.70087884866314,3.681614713729914,3.080681009787586,baseline_median_rpm,2025-08..2025-09
145.21594445161543,70.49157422818644,6.302676986591487,3.828520947439694,6.121907873778948,630.003695682519,95.18321774464593,4.172131809659844,3.780827269178359,huber_linear (no trend),2025-08..2025-09
115.7633924026612,45.44231162397841,5.196445676255434,2.4377177785795503,4.880268665548248,617.3345302925146,65.37631043755317,2.958650220289395,2.3936615408861304,huber_linear + trend,2025-08..2025-09
116.64630230259195,41.82292522678517,5.3088581576528835,2.0398677448586784,4.9174897371642805,618.6923635829794,66.42422159036471,3.139280439389891,1.994523873309278,lgbm (no trend),2025-08..2025-09
109.35928760247177,34.7153840841529,4.999557333893236,1.6678998886752554,4.610289086178793,616.6397072263541,59.020448893005636,2.7985905982773582,1.6339752529749871,lgbm + day_index,2025-08..2025-09
104.96403669076642,37.85915391503238,4.707582677909069,2.0270147700714243,4.424997303894043,612.4890229331551,54.5224805473759,2.4609460066236943,2.000954764321787,hybrid: linear(trend)+lgbm,2025-08..2025-09
95.95414674407566,32.141660315031004,4.327875873886946,1.751601188664356,4.045164934832766,611.8867608781583,45.33160615966714,2.067558998711196,1.7276062881832939,FINAL hybrid: robust-linear(trend)+lane RE+LightGBM,2025-08..2025-09
136.20091014022535,61.023325038008124,6.238430943589759,3.204143596593198,5.692946582602814,638.1280435434857,80.55832799727766,3.7219561553124754,3.1584616720550818,baseline_median_rpm,2025-09..2025-10
165.04316234498768,87.57426363198465,7.115263519794393,4.539514550728202,6.898499474684234,650.9833901452376,109.88466083543993,4.7288689178220045,4.47345722394702,huber_linear (no trend),2025-09..2025-10
115.27801362059347,42.27392815186954,5.101439094178599,2.2956066612369592,4.818408137030327,635.0145384158621,59.41860007060383,2.595373051034415,2.262101273522457,huber_linear + trend,2025-09..2025-10
113.55628251337335,39.83013184539686,4.873366946216706,2.1604357020679332,4.7464429554987335,635.6757423176891,57.77692853947264,2.4083725448658457,2.1255307780721506,lgbm (no trend),2025-09..2025-10
104.47346642840435,31.90983799244168,4.5021747930383755,1.7716896773479682,4.3667980123181165,633.3630768967677,48.58094176952127,2.0105071376084847,1.7440506286240558,lgbm + day_index,2025-09..2025-10
92.83057647456283,24.979267329941422,4.09137846925818,1.3472400301604384,3.880146707961179,630.0189844454765,36.74180707449685,1.5711102593327249,1.3246713465820732,hybrid: linear(trend)+lgbm,2025-09..2025-10
93.11027036610344,25.107294744655064,4.072801495328618,1.359552180659396,3.8918373962420545,630.0508488085559,37.044221010870274,1.5571739190800424,1.3420259730534707,FINAL hybrid: robust-linear(trend)+lane RE+LightGBM,2025-09..2025-10
